year,previous_year,avg_principal_cards,avg_supplementary_cards,avg_total_cards,rollover_per_card_sgd,write_offs_per_principal_card_sgd,rollover_to_billings,delta_rollover_sgd_m,cards_effect_sgd_m,balance_per_card_effect_sgd_m
2016,2015,5336714,1292422,6629136,919,56,0.457,99.35,26.82,72.53
2017,2016,5351150,1258999,6610149,921,54,0.422,-4.03,-17.46,13.44
2018,2017,5307926,1241334,6549260,935,69,0.388,35.7,-56.48,92.18
2019,2018,5463436,1232598,6696035,932,67,0.369,117.88,136.97,-19.1
2020,2019,5549207,1173184,6722392,833,71,0.387,-637.3,23.26,-660.56
2021,2020,5450589,1092070,6542659,800,43,0.324,-370.85,-146.74,-224.11
2022,2021,5546518,1045537,6592055,866,36,0.29,477.48,41.13,436.34
2023,2022,5931093,1004122,6935216,970,46,0.297,1019.95,315.05,704.9
2024,2023,6200077,950677,7150754,1089,68,0.321,1057.02,221.89,835.13
2025,2024,6222499,901080,7123579,1252,84,0.344,1134.82,-31.81,1166.63
