year,previous_year,write_offs_sgd_m,avg_rollover_sgd_m,rate_pct,rate_pct_pub_annual,delta_write_offs_sgd_m,volume_sgd_m,rate_sgd_m,interaction_sgd_m,check_sgd_m,annual_crosscheck_status
2016,2015,296.5,6089.62,4.869,4.9,-44.3,5.24,-49.54,0.0,-44.3,checked
2017,2016,288.3,6085.6,4.737,4.7,-8.2,-0.19,-8.01,0.0,-8.2,checked
2018,2017,366.5,6121.3,5.987,6.0,78.2,1.91,76.29,0.0,78.2,checked
2019,2018,364.9,6239.18,5.849,5.8,-1.6,6.98,-8.58,0.0,-1.6,checked
2020,2019,396.7,5601.88,7.082,7.1,31.8,-41.2,73.0,0.0,31.8,checked
2021,2020,234.6,5231.02,4.485,4.5,-162.1,-21.45,-140.65,0.0,-162.1,checked
2022,2021,201.9,5708.5,3.537,3.5,-32.7,19.15,-51.85,0.0,-32.7,checked
2023,2022,270.4,6728.45,4.019,4.0,68.5,38.53,29.97,0.0,68.5,checked
2024,2023,423.2,7785.47,5.436,5.4,152.8,49.97,102.83,0.0,152.8,checked
2025,2024,519.7,8920.3,5.826,5.8,96.5,63.9,32.6,0.0,96.5,checked
